config,k,mean_precision_at_k,std_precision_at_k,min_precision_at_k,max_precision_at_k
A_600_100,3,0.4222222222222222,0.23457718351633228,0.0,0.6666666666666666
A_600_100,5,0.26666666666666666,0.1632993161855452,0.0,0.6
A_600_100,7,0.22857142857142856,0.1690308509457033,0.0,0.5714285714285714
B_800_200,3,0.3777777777777777,0.21331349114072812,0.0,0.6666666666666666
B_800_200,5,0.29333333333333333,0.19808608037440503,0.0,0.6
B_800_200,7,0.2571428571428571,0.2034684666222778,0.0,0.5714285714285714
C_900_150,3,0.3777777777777777,0.21331349114072812,0.0,0.6666666666666666
C_900_150,5,0.28,0.165615734242165,0.0,0.6
C_900_150,7,0.22857142857142856,0.1601748315946823,0.0,0.5714285714285714
